{"cameraMode":{"drawMode":0,"name":"Shaded","section":"Shading Mode"},"sceneLighting":false,"audioPlay":false,"sceneViewState":{"m_AlwaysRefresh":false,"showFog":true,"showSkybox":false,"showFlares":true,"showImageEffects":true,"showParticleSystems":true,"showVisualEffectGraphs":true,"m_FxEnabled":true},"in2DMode":false,"pivot":{"x":1.8634324073791505,"y":1.8589701652526856,"z":-0.4633732736110687},"rotation":{"x":-0.19374875724315644,"y":0.7016851305961609,"z":-0.20810054242610932,"w":-0.6532931923866272},"size":1.1397746801376343,"orthographic":false}