{"cameraMode":{"drawMode":0,"name":"Shaded","section":"Shading Mode"},"sceneLighting":false,"audioPlay":false,"sceneViewState":{"m_AlwaysRefresh":false,"showFog":true,"showSkybox":false,"showFlares":true,"showImageEffects":true,"showParticleSystems":true,"showVisualEffectGraphs":true,"m_FxEnabled":true},"in2DMode":false,"pivot":{"x":-0.45416030287742617,"y":1.144934892654419,"z":-0.07238275557756424},"rotation":{"x":-0.18916119635105134,"y":0.07060573250055313,"z":-0.013646833598613739,"w":-0.979324460029602},"size":2.0092966556549074,"orthographic":false}